date,Industrial aggregate including unclassified businesses 6 7,Industrial aggregate excluding unclassified businesses 6 7,Goods producing industries 8,"Forestry, logging and support 9","Mining, quarrying, and oil and gas extraction",Utilities,Construction,Manufacturing,Service producing industries 10,Trade 11,Transportation and warehousing,Information and cultural industries,Finance and insurance,Real estate and rental and leasing,"Professional, scientific and technical services",Management of companies and enterprises,"Administrative and support, waste management and remediation services",Educational services,Health care and social assistance,"Arts, entertainment and recreation",Accommodation and food services,Other services (except public administration),Public administration,Unclassified businesses 7
Jan-10,"14,303,330","14,076,045","2,459,709","34,569","170,995","115,474","716,909","1,421,762","11,616,336","2,588,773","652,068","326,214","683,626","248,667","747,067","112,092","691,169","1,195,583","1,615,777","216,122","1,030,641","493,877","1,014,659","227,285"
Feb-10,"14,351,994","14,122,061","2,490,726","35,487","178,700","114,792","724,739","1,437,007","11,631,335","2,532,080","653,275","326,621","679,647","244,246","751,043","106,883","706,951","1,249,375","1,615,728","218,644","1,030,969","495,156","1,020,717","229,933"
Mar-10,"14,402,242","14,163,528","2,507,671","34,797","179,098","114,693","739,610","1,439,474","11,655,857","2,526,291","653,248","329,390","677,062","243,114","754,957","105,941","708,873","1,252,342","1,625,395","220,941","1,031,790","500,252","1,026,261","238,714"
Apr-10,"14,540,918","14,295,917","2,555,420","31,750","177,906","116,230","776,244","1,453,290","11,740,497","2,564,882","653,967","329,974","679,460","245,162","758,713","107,053","719,609","1,245,611","1,628,746","234,614","1,036,229","506,068","1,030,408","245,001"
May-10,"14,774,410","14,516,652","2,658,253","36,043","180,486","118,408","836,694","1,486,622","11,858,399","2,597,545","655,412","332,232","681,332","247,853","765,037","107,759","731,685","1,224,493","1,629,547","251,741","1,071,627","510,268","1,051,867","257,758"
Jun-10,"15,036,935","14,759,920","2,739,022","44,137","185,824","120,815","875,047","1,513,199","12,020,898","2,619,827","667,633","335,104","687,768","255,432","771,672","108,848","748,531","1,202,311","1,650,965","270,522","1,108,718","518,153","1,075,414","277,014"
Jul-10,"14,852,036","14,561,243","2,755,553","47,931","191,405","120,933","879,851","1,515,432","11,805,690","2,623,477","655,721","336,682","687,317","256,325","767,897","108,489","753,179","943,309","1,661,535","283,855","1,122,047","518,849","1,087,008","290,792"
Aug-10,"14,630,995","14,336,914","2,748,308","46,267","192,390","119,487","896,670","1,493,495","11,588,606","2,602,215","649,528","338,664","682,380","253,340","762,710","108,237","748,009","811,942","1,656,252","280,564","1,105,367","512,802","1,076,595","294,081"
Sep-10,"14,958,547","14,653,557","2,765,346","45,772","194,953","118,843","902,576","1,503,202","11,888,211","2,606,859","668,025","340,363","680,909","253,387","761,190","108,376","752,255","1,104,190","1,657,800","270,463","1,109,831","514,762","1,059,802","304,990"
Oct-10,"15,002,276","14,700,701","2,744,594","42,908","194,993","118,414","895,836","1,492,443","11,956,106","2,617,785","664,801","343,707","684,771","251,598","761,153","106,199","750,352","1,225,902","1,650,644","248,926","1,086,756","515,301","1,048,212","301,575"
Nov-10,"14,945,157","14,654,390","2,711,743","40,021","193,635","118,320","878,435","1,481,333","11,942,647","2,637,445","663,369","340,991","688,084","253,509","765,244","104,433","741,491","1,249,458","1,652,790","223,860","1,067,042","515,394","1,039,536","290,766"
Dec-10,"15,064,273","14,772,725","2,685,473","38,809","199,553","120,513","834,634","1,491,964","12,087,252","2,692,396","671,706","347,161","685,173","261,145","779,704","107,551","738,941","1,271,464","1,676,799","222,790","1,070,493","519,343","1,042,586","291,548"
Jan-11,"14,566,758","14,293,722","2,541,042","35,532","199,248","118,249","746,174","1,441,838","11,752,680","2,608,035","659,839","341,440","677,918","251,697","761,307","103,009","708,130","1,207,659","1,653,618","217,774","1,041,495","503,337","1,017,423","273,036"
Feb-11,"14,620,012","14,364,178","2,583,773","36,108","208,531","119,471","760,182","1,459,481","11,780,405","2,562,654","660,933","339,247","682,613","251,985","771,259","101,836","713,766","1,252,317","1,646,965","221,073","1,040,224","505,884","1,029,649","255,834"
Mar-11,"14,675,717","14,416,630","2,600,919","35,408","208,599","118,948","772,461","1,465,503","11,815,711","2,557,249","660,026","338,693","679,724","249,939","776,356","101,026","715,941","1,256,893","1,662,776","221,963","1,048,734","509,959","1,036,431","259,088"
Apr-11,"14,795,634","14,531,715","2,647,089","32,123","205,030","120,569","800,978","1,488,389","11,884,626","2,574,479","665,700","337,114","683,603","249,255","780,308","101,682","726,929","1,251,810","1,668,656","230,577","1,063,788","514,287","1,036,440","263,919"
May-11,"15,002,586","14,722,232","2,720,870","33,521","200,829","126,027","851,650","1,508,842","12,001,362","2,600,668","667,125","338,085","684,117","251,954","786,410","102,502","744,999","1,216,487","1,669,772","251,590","1,094,222","517,033","1,076,395","280,355"
Jun-11,"15,312,302","15,012,628","2,816,915","43,398","205,615","126,229","906,739","1,534,935","12,195,713","2,637,166","681,831","342,016","692,466","261,226","794,372","105,865","761,013","1,193,406","1,686,627","274,614","1,131,137","527,218","1,106,758","299,674"
Jul-11,"15,083,573","14,775,399","2,832,056","47,495","206,622","126,473","918,274","1,533,192","11,943,343","2,630,950","669,206","343,524","690,855","259,134","793,250","105,481","762,352","920,929","1,699,977","286,641","1,142,203","530,514","1,108,327","308,174"
Aug-11,"14,894,109","14,585,149","2,814,319","47,180","205,583","125,292","923,624","1,512,640","11,770,830","2,617,702","668,855","342,894","685,798","257,530","790,842","105,727","759,320","811,623","1,696,176","281,234","1,139,959","527,564","1,085,605","308,960"
Sep-11,"15,224,400","14,905,158","2,847,468","46,240","209,599","124,025","940,717","1,526,888","12,057,690","2,624,568","683,574","344,364","684,730","257,394","790,387","104,062","762,935","1,096,004","1,698,236","276,437","1,145,027","528,997","1,060,973","319,241"
Oct-11,"15,222,462","14,907,306","2,813,640","43,549","210,240","125,341","928,792","1,505,717","12,093,666","2,622,018","684,455","343,707","682,838","252,263","788,314","104,311","758,555","1,220,726","1,688,931","254,145","1,122,528","527,287","1,043,589","315,156"
Nov-11,"15,212,064","14,916,554","2,798,230","41,646","210,267","126,087","915,667","1,504,564","12,118,324","2,655,267","684,048","343,481","684,729","252,474","793,620","106,573","752,327","1,241,506","1,696,457","231,857","1,107,930","529,649","1,038,408","295,510"
Dec-11,"15,268,812","14,983,452","2,760,246","39,945","214,448","124,869","871,792","1,509,192","12,223,206","2,694,862","695,115","344,969","691,036","256,205","806,027","108,620","750,543","1,249,491","1,711,846","227,879","1,113,059","529,768","1,043,787","285,360"
Jan-12,"14,771,558","14,506,758","2,603,581","35,370","207,136","121,317","776,460","1,463,298","11,903,176","2,615,961","676,981","340,685","693,015","247,422","794,698","106,127","717,809","1,193,298","1,687,184","221,647","1,079,952","510,011","1,018,386","264,800"
Feb-12,"14,801,839","14,550,340","2,632,926","35,856","214,597","120,804","794,235","1,467,433","11,917,414","2,560,081","677,265","339,246","689,579","245,831","798,742","104,790","715,123","1,257,071","1,686,478","224,842","1,075,311","513,671","1,029,383","251,499"
Mar-12,"14,884,360","14,628,287","2,660,821","35,375","217,875","121,516","809,152","1,476,903","11,967,466","2,563,871","675,526","344,437","689,067","246,795","794,357","105,623","721,751","1,265,472","1,695,031","228,258","1,085,518","518,093","1,033,666","256,073"
Apr-12,"15,016,128","14,753,213","2,698,961","31,679","214,926","120,728","843,531","1,488,096","12,054,253","2,597,782","678,067","342,752","689,310","247,000","801,617","109,371","734,564","1,257,935","1,701,156","236,369","1,108,008","519,224","1,031,099","262,915"
May-12,"15,345,076","15,071,017","2,823,265","35,117","216,842","124,587","916,040","1,530,680","12,247,751","2,647,430","689,275","346,165","692,569","256,652","814,946","113,105","763,452","1,226,196","1,711,523","257,675","1,144,945","529,215","1,054,604","274,059"
Jun-12,"15,599,092","15,305,437","2,899,737","45,434","224,259","124,379","957,386","1,548,280","12,405,700","2,673,325","699,152","347,959","700,489","261,723","825,225","117,171","777,242","1,206,026","1,725,734","275,681","1,179,175","535,917","1,080,880","293,655"
Jul-12,"15,360,030","15,063,402","2,908,372","48,153","224,187","124,810","966,734","1,544,488","12,155,031","2,675,638","690,697","347,788","695,706","262,592","823,668","117,204","780,579","932,448","1,737,262","288,922","1,187,071","536,898","1,078,559","296,627"
Aug-12,"15,225,717","14,941,087","2,911,213","45,212","228,414","123,528","979,071","1,534,988","12,029,875","2,668,320","689,681","351,659","692,852","263,445","817,010","116,755","782,266","830,056","1,735,741","285,099","1,187,864","536,773","1,072,354","284,629"
Sep-12,"15,470,573","15,188,126","2,902,298","42,972","227,281","122,024","985,725","1,524,295","12,285,828","2,663,795","710,632","349,512","691,427","260,665","811,609","115,976","776,576","1,138,402","1,728,989","272,418","1,180,993","533,220","1,051,614","282,447"
Oct-12,"15,474,012","15,198,684","2,891,264","40,539","226,913","122,622","982,181","1,519,008","12,307,421","2,660,642","708,665","342,184","690,492","259,370","810,074","110,792","774,843","1,243,093","1,726,370","252,437","1,159,773","533,108","1,035,577","275,328"
Nov-12,"15,472,765","15,204,100","2,864,998","39,290","227,036","122,323","966,300","1,510,049","12,339,103","2,693,044","706,958","341,433","692,712","258,539","814,413","110,797","771,222","1,270,224","1,731,152","233,248","1,146,649","535,209","1,033,503","268,665"
Dec-12,"15,471,955","15,210,959","2,819,001","37,534","225,320","120,405","925,028","1,510,713","12,391,959","2,714,726","711,304","343,889","699,750","259,774","822,263","110,760","761,828","1,279,428","1,739,416","229,015","1,146,454","538,237","1,035,115","260,995"
Jan-13,"15,020,413","14,774,302","2,671,184","34,003","222,015","117,923","827,975","1,469,269","12,103,118","2,652,883","694,601","341,170","698,472","255,443","801,869","105,613","725,539","1,227,107","1,730,200","224,894","1,113,734","520,118","1,011,476","246,110"
Feb-13,"15,073,687","14,835,195","2,708,091","34,605","228,924","119,585","850,386","1,474,591","12,127,104","2,617,783","691,234","337,937","691,933","257,671","808,458","105,012","726,580","1,283,942","1,719,897","228,805","1,112,460","525,012","1,020,381","238,492"
Mar-13,"15,133,939","14,902,312","2,724,865","34,310","226,152","118,284","865,387","1,480,732","12,177,447","2,621,782","692,345","338,778","691,513","261,416","809,812","105,890","733,251","1,296,180","1,723,545","229,906","1,123,660","527,364","1,022,004","231,627"
Apr-13,"15,231,272","14,990,205","2,754,344","31,146","220,500","118,583","892,292","1,491,823","12,235,861","2,633,100","693,455","343,176","692,163","262,053","814,576","106,043","738,962","1,289,402","1,729,659","232,786","1,147,188","534,071","1,019,227","241,067"
May-13,"15,492,681","15,252,259","2,848,381","33,603","222,931","119,534","949,895","1,522,417","12,403,879","2,678,598","702,998","342,708","694,392","267,266","822,146","108,381","762,465","1,253,216","1,741,175","256,969","1,191,312","538,753","1,043,499","240,422"
Jun-13,"15,669,442","15,419,017","2,889,508","42,501","225,254","120,978","967,263","1,533,512","12,529,509","2,696,337","712,311","340,466","703,416","274,770","832,066","110,117","775,942","1,229,732","1,750,776","275,653","1,217,985","542,976","1,066,962","250,425"
Jul-13,"15,490,567","15,233,745","2,928,821","44,921","225,212","120,982","1,001,408","1,536,297","12,304,924","2,695,103","702,583","340,433","706,274","276,412","830,025","109,858","781,755","949,925","1,764,530","290,693","1,231,907","547,242","1,078,184","256,822"
Aug-13,"15,402,288","15,140,478","2,941,131","44,078","228,347","119,613","1,024,627","1,524,465","12,199,347","2,694,914","699,857","340,340","705,580","277,801","828,754","105,982","792,270","850,521","1,759,201","288,311","1,235,338","546,786","1,073,692","261,811"
Sep-13,"15,637,190","15,379,649","2,922,439","42,059","228,237","118,972","1,024,380","1,508,791","12,457,209","2,694,545","719,985","340,765","697,983","274,315","826,326","106,569","792,773","1,162,647","1,756,168","274,040","1,221,096","542,080","1,047,919","257,542"
Oct-13,"15,690,865","15,434,449","2,911,303","41,051","227,818","118,316","1,018,014","1,506,104","12,523,145","2,691,900","717,230","341,867","698,759","272,805","825,194","106,944","793,201","1,286,913","1,748,978","257,122","1,200,133","543,409","1,038,690","256,417"
Nov-13,"15,639,601","15,390,392","2,872,539","39,652","226,671","117,554","997,441","1,491,222","12,517,853","2,717,265","715,861","340,876","695,486","272,434","826,763","107,404","784,624","1,312,015","1,755,770","236,236","1,174,338","542,975","1,035,805","249,208"
Dec-13,"15,663,853","15,433,784","2,822,470","37,890","230,175","116,346","945,910","1,492,149","12,611,314","2,778,948","723,745","341,901","706,248","279,022","836,034","107,115","771,072","1,304,200","1,775,307","233,155","1,175,655","544,489","1,034,424","230,069"
Jan-14,"15,203,626","14,986,716","2,674,088","34,902","219,955","115,016","847,103","1,457,112","12,312,628","2,690,248","707,463","338,294","700,944","269,350","819,850","102,855","744,115","1,257,996","1,757,861","229,905","1,147,380","529,070","1,017,298","216,910"
Feb-14,"15,212,615","15,006,197","2,718,541","35,282","230,748","116,029","873,913","1,462,569","12,287,655","2,629,316","704,300","336,295","699,154","265,890","818,238","102,080","740,751","1,310,082","1,757,408","230,925","1,139,169","530,866","1,023,183","206,419"
Mar-14,"15,261,342","15,046,411","2,719,956","34,480","231,851","116,551","878,378","1,458,696","12,326,455","2,642,721","699,986","340,099","698,715","268,642","823,250","101,787","745,984","1,312,423","1,755,064","231,315","1,145,562","533,561","1,027,344","214,932"
Apr-14,"15,341,143","15,123,286","2,741,736","31,581","227,473","118,305","897,257","1,467,121","12,381,550","2,667,066","702,277","335,288","701,721","271,632","827,929","103,372","751,920","1,303,640","1,759,386","234,805","1,158,708","537,802","1,026,004","217,857"
May-14,"15,688,997","15,464,236","2,862,830","33,240","228,371","120,054","974,681","1,506,484","12,601,406","2,725,460","716,429","338,164","706,321","279,085","839,404","105,524","786,618","1,268,399","1,773,592","260,960","1,205,174","547,846","1,048,429","224,761"
Jun-14,"15,916,456","15,691,235","2,939,635","41,279","229,196","119,217","1,024,197","1,525,746","12,751,600","2,740,705","725,147","338,570","713,660","287,109","852,554","108,046","798,791","1,249,892","1,788,026","280,620","1,238,014","555,594","1,074,872","225,221"
Jul-14,"15,711,855","15,484,147","2,961,407","44,970","234,535","119,059","1,030,792","1,532,052","12,522,740","2,743,364","717,858","342,138","710,317","288,567","852,024","108,463","797,926","959,638","1,803,244","295,632","1,251,845","559,291","1,092,431","227,708"
Aug-14,"15,580,369","15,344,731","2,970,199","44,938","236,644","117,595","1,055,219","1,515,803","12,374,532","2,736,023","705,177","341,668","709,879","289,117","854,695","106,148","801,813","856,615","1,793,634","292,799","1,253,801","554,087","1,079,076","235,639"
Sep-14,"15,838,976","15,599,211","2,960,776","43,437","236,321","116,656","1,062,428","1,501,933","12,638,435","2,736,760","725,369","338,552","704,312","288,318","850,967","106,134","801,835","1,164,102","1,792,823","280,131","1,247,101","553,328","1,048,704","239,765"
Oct-14,"15,895,073","15,654,595","2,952,258","41,490","236,641","116,782","1,056,708","1,500,637","12,702,336","2,739,462","722,797","341,105","700,709","285,499","851,752","105,237","800,607","1,292,267","1,786,714","260,385","1,226,743","553,596","1,035,463","240,478"
Nov-14,"15,792,016","15,557,917","2,904,123","39,372","233,816","115,702","1,027,918","1,487,315","12,653,794","2,751,981","719,361","338,973","699,403","284,815","852,474","105,324","784,984","1,316,367","1,785,775","234,791","1,201,012","550,019","1,028,514","234,099"
Dec-14,"15,841,855","15,607,096","2,864,867","38,046","236,702","114,707","975,111","1,500,301","12,742,229","2,794,727","726,734","339,253","707,682","290,173","858,517","106,937","776,870","1,316,349","1,801,676","233,902","1,201,758","553,360","1,034,293","234,759"
Jan-15,"15,418,455","15,180,759","2,710,998","35,252","225,612","113,755","871,136","1,465,243","12,469,761","2,710,825","713,565","336,774","706,050","281,741","843,849","106,180","747,174","1,270,882","1,792,635","230,182","1,174,720","538,221","1,016,966","237,695"
Feb-15,"15,425,130","15,185,342","2,730,493","36,126","223,374","114,501","885,896","1,470,596","12,454,849","2,654,245","711,704","337,274","702,565","279,603","845,891","104,759","740,910","1,325,008","1,792,344","230,221","1,168,743","540,407","1,021,176","239,789"
Mar-15,"15,438,230","15,194,787","2,720,834","35,822","220,397","113,445","888,138","1,463,032","12,473,954","2,649,662","709,264","337,874","705,470","277,427","846,940","101,944","744,525","1,326,200","1,795,186","233,713","1,178,787","540,318","1,026,646","243,442"
Apr-15,"15,573,859","15,327,614","2,755,124","33,315","212,143","114,122","913,550","1,481,994","12,572,490","2,682,889","711,931","343,474","707,465","282,040","850,036","101,838","755,054","1,327,783","1,800,863","240,552","1,195,785","544,650","1,028,132","246,245"
May-15,"15,882,428","15,619,707","2,879,802","36,841","210,643","116,733","996,388","1,519,196","12,739,906","2,728,671","721,215","343,837","709,044","286,232","857,301","102,206","784,560","1,287,058","1,804,442","268,166","1,244,652","548,523","1,053,999","262,721"
Jun-15,"16,075,658","15,813,775","2,938,779","44,221","209,769","115,331","1,031,073","1,538,385","12,874,996","2,740,875","735,213","344,669","717,817","292,418","863,785","104,792","797,944","1,272,563","1,818,610","289,382","1,270,729","554,542","1,071,657","261,883"
Jul-15,"15,873,285","15,600,480","2,949,144","47,331","212,131","116,146","1,032,682","1,540,853","12,651,337","2,751,190","722,079","346,677","716,281","293,906","861,461","104,186","805,188","979,315","1,834,928","305,713","1,287,243","559,331","1,083,840","272,805"
Aug-15,"15,653,409","15,374,667","2,937,687","45,901","208,490","116,464","1,050,969","1,515,863","12,436,980","2,731,365","709,220","345,170","711,283","291,102","860,074","102,487","799,646","856,385","1,824,168","300,907","1,281,744","550,675","1,072,753","278,742"
Sep-15,"15,959,281","15,679,270","2,933,289","44,570","207,964","116,814","1,055,936","1,508,005","12,745,981","2,741,311","725,951","345,200","707,846","290,673","855,508","103,955","806,398","1,170,472","1,829,342","295,212","1,278,133","547,603","1,048,377","280,011"
Oct-15,"16,043,711","15,757,148","2,912,519","41,936","206,716","115,954","1,047,471","1,500,442","12,844,630","2,750,163","729,100","346,369","707,621","295,058","853,193","103,127","797,733","1,301,730","1,831,805","281,005","1,262,289","549,403","1,036,032","286,563"
Nov-15,"15,950,745","15,672,044","2,856,138","40,880","201,484","115,233","1,010,688","1,487,853","12,815,906","2,765,494","727,433","348,420","712,039","295,296","850,704","100,851","785,073","1,331,017","1,832,369","256,061","1,235,409","546,312","1,029,427","278,702"
Dec-15,"16,036,552","15,749,352","2,813,923","39,102","202,916","115,460","961,333","1,495,113","12,935,429","2,811,295","738,065","347,309","724,446","302,407","866,383","101,977","780,311","1,341,491","1,846,343","254,064","1,241,070","546,565","1,033,704","287,200"
Jan-16,"15,537,454","15,260,442","2,663,032","36,026","194,468","114,154","868,554","1,449,830","12,597,410","2,710,442","723,733","341,046","721,576","291,910","849,621","97,479","741,880","1,281,780","1,839,033","247,641","1,205,051","526,645","1,019,574","277,012"
Feb-16,"15,531,509","15,258,149","2,657,421","36,106","192,570","116,197","869,599","1,442,948","12,600,729","2,664,797","715,195","341,625","714,497","289,575","848,039","96,728","748,874","1,336,571","1,836,449","253,435","1,199,071","525,186","1,030,687","273,360"
Mar-16,"15,584,383","15,303,632","2,670,182","35,386","190,838","116,386","877,818","1,449,754","12,633,450","2,658,056","710,526","341,217","714,832","284,070","849,449","96,473","751,641","1,345,951","1,850,562","256,209","1,211,783","527,235","1,035,447","280,751"
Apr-16,"15,732,641","15,436,362","2,718,577","31,167","187,248","116,766","919,650","1,463,746","12,717,785","2,682,609","717,883","337,616","717,176","284,254","852,342","97,686","763,361","1,346,203","1,856,395","262,860","1,228,937","531,391","1,039,074","296,279"
May-16,"15,992,859","15,692,234","2,807,139","36,250","186,539","119,012","972,991","1,492,348","12,885,095","2,723,657","726,254","338,953","719,975","288,800","861,763","98,144","778,713","1,310,999","1,864,854","284,812","1,270,477","536,897","1,080,796","300,624"
Jun-16,"16,309,262","15,985,968","2,889,173","44,861","188,654","120,131","1,016,711","1,518,815","13,096,796","2,759,597","737,040","343,346","723,298","298,304","869,716","100,103","804,073","1,296,550","1,884,026","309,913","1,308,667","546,136","1,116,029","323,294"
Jul-16,"16,046,196","15,723,876","2,898,481","47,030","190,936","121,351","1,029,173","1,509,992","12,825,394","2,747,895","726,893","345,972","726,133","297,520","866,837","98,995","813,503","992,120","1,900,026","325,111","1,322,734","543,901","1,117,754","322,320"
Aug-16,"15,827,497","15,507,812","2,881,009","45,222","189,264","120,358","1,031,849","1,494,316","12,626,803","2,738,552","713,601","343,578","722,388","294,189","864,798","97,690","810,494","873,566","1,891,846","320,348","1,318,970","540,549","1,096,234","319,685"
Sep-16,"16,208,860","15,889,793","2,901,502","43,599","189,769","120,254","1,047,369","1,500,511","12,988,291","2,747,922","738,972","343,239","721,655","296,400","866,325","98,543","817,922","1,201,170","1,896,036","314,702","1,320,543","542,173","1,082,690","319,067"
Oct-16,"16,198,047","15,885,639","2,862,420","41,732","188,367","119,377","1,029,727","1,483,217","13,023,218","2,751,754","736,550","339,425","722,642","293,337","866,023","98,942","806,380","1,326,599","1,891,797","291,884","1,293,443","538,964","1,065,481","312,408"
Nov-16,"16,169,054","15,871,277","2,840,781","40,886","187,784","118,842","1,011,216","1,482,053","13,030,496","2,777,641","734,154","346,135","724,222","292,231","869,849","95,898","800,580","1,354,419","1,896,122","270,565","1,269,395","537,722","1,061,562","297,777"
Dec-16,"16,279,180","15,976,405","2,828,728","40,032","191,442","117,829","981,386","1,498,039","13,147,677","2,822,281","747,364","350,267","729,085","298,722","885,927","97,336","800,226","1,363,839","1,906,287","269,904","1,272,680","544,951","1,058,808","302,776"
Jan-17,"15,756,620","15,456,857","2,671,450","36,083","187,252","117,338","874,136","1,456,641","12,785,407","2,724,191","727,518","347,347","723,398","289,639","869,254","95,876","760,446","1,290,044","1,884,632","262,904","1,236,550","524,160","1,049,450","299,763"
Feb-17,"15,832,554","15,529,449","2,708,793","37,152","193,051","119,051","894,900","1,464,640","12,820,655","2,675,790","725,071","350,388","722,559","287,060","873,731","97,766","758,506","1,362,241","1,886,334","266,320","1,230,696","526,755","1,057,437","303,105"
Mar-17,"15,870,768","15,557,601","2,719,903","35,920","195,435","118,015","901,519","1,469,015","12,837,697","2,663,520","719,927","351,518","719,863","283,411","876,103","95,514","764,063","1,370,706","1,893,310","268,140","1,246,025","527,946","1,057,652","313,167"
Apr-17,"15,951,749","15,633,465","2,748,083","32,283","194,072","118,138","925,262","1,478,327","12,885,382","2,683,681","724,833","346,716","719,943","285,388","879,146","96,143","776,921","1,361,877","1,892,690","272,107","1,259,821","531,706","1,054,411","318,284"
May-17,"16,269,471","15,938,552","2,860,653","34,773","194,977","120,009","994,567","1,516,327","13,077,899","2,731,813","734,929","348,102","727,943","291,259","892,715","98,489","803,351","1,324,190","1,900,548","295,640","1,303,157","539,395","1,086,369","330,919"
Jun-17,"16,624,542","16,282,912","2,961,397","43,780","201,765","120,674","1,049,277","1,545,901","13,321,515","2,783,037","749,038","347,525","728,643","300,870","901,245","101,238","827,109","1,317,701","1,924,604","322,672","1,347,132","550,904","1,119,798","341,630"
Jul-17,"16,362,552","16,020,720","2,971,012","46,440","202,023","121,450","1,058,607","1,542,492","13,049,708","2,784,791","736,972","347,676","730,169","300,359","897,944","96,628","826,407","1,018,194","1,936,020","336,256","1,350,814","551,164","1,136,315","341,832"
Aug-17,"16,217,861","15,870,729","2,981,294","45,444","205,012","121,288","1,072,256","1,537,293","12,889,435","2,786,690","729,271","345,582","727,836","299,989","898,708","95,927","830,951","889,697","1,927,829","332,941","1,351,674","548,614","1,123,727","347,132"
Sep-17,"16,573,651","16,227,776","2,990,336","44,304","206,746","121,351","1,082,710","1,535,224","13,237,441","2,784,470","750,627","345,374","724,341","301,526","897,530","96,747","826,321","1,245,345","1,934,937","320,809","1,354,004","550,322","1,105,087","345,875"
Oct-17,"16,543,178","16,204,633","2,951,286","41,182","205,577","121,119","1,065,423","1,517,985","13,253,347","2,780,682","746,803","340,398","721,665","297,349","893,823","98,791","819,197","1,370,667","1,927,746","297,015","1,320,956","547,234","1,091,023","338,545"
Nov-17,"16,527,753","16,185,113","2,937,152","39,908","206,795","121,636","1,047,028","1,521,783","13,247,961","2,800,708","750,709","341,927","722,862","296,357","897,917","97,041","811,256","1,385,320","1,933,063","274,181","1,298,613","545,273","1,092,734","342,640"
Dec-17,"16,626,304","16,267,645","2,897,855","38,520","204,656","122,410","1,002,301","1,529,967","13,369,790","2,846,376","762,663","345,327","728,725","299,992","914,727","99,546","801,423","1,404,880","1,948,669","273,104","1,299,138","547,940","1,097,281","358,659"
Jan-18,"16,126,394","15,771,998","2,751,623","35,005","200,261","121,822","894,124","1,500,412","13,020,375","2,741,063","745,229","340,886","724,594","289,623","898,868","97,548","772,936","1,335,570","1,933,048","268,371","1,263,808","531,054","1,077,778","354,395"
Feb-18,"16,182,331","15,834,370","2,792,684","35,492","202,503","121,430","918,485","1,514,775","13,041,686","2,699,137","735,693","343,095","724,021","288,582","905,656","98,682","774,165","1,400,595","1,924,550","272,602","1,255,221","531,339","1,088,348","347,961"
Mar-18,"16,273,726","15,929,542","2,810,253","35,344","200,607","120,431","933,774","1,520,097","13,119,289","2,710,774","737,509","341,666","723,903","287,722","916,013","99,027","778,589","1,413,144","1,937,417","277,219","1,268,205","535,674","1,092,425","344,184"
Apr-18,"16,334,643","15,988,843","2,834,021","32,726","199,615","122,789","949,123","1,529,768","13,154,822","2,722,997","741,037","339,496","725,350","285,235","919,683","100,014","788,925","1,400,404","1,943,507","276,631","1,281,359","539,909","1,090,275","345,800"
May-18,"16,675,941","16,325,648","2,950,475","35,590","201,928","125,799","1,023,380","1,563,777","13,375,173","2,781,023","752,107","342,299","731,044","292,031","934,314","102,498","811,552","1,369,157","1,954,074","307,666","1,322,290","549,856","1,125,261","350,293"
Jun-18,"16,972,434","16,610,293","3,032,777","43,913","204,733","125,827","1,071,156","1,587,149","13,577,516","2,810,667","767,323","341,764","738,088","299,170","940,216","103,977","835,229","1,357,973","1,976,835","328,605","1,366,160","558,402","1,153,106","362,141"
Jul-18,"16,672,905","16,310,373","3,040,091","45,934","206,128","126,593","1,079,099","1,582,337","13,270,282","2,800,899","754,607","340,012","736,392","297,327","938,385","105,703","832,214","1,049,486","1,982,411","345,964","1,366,806","556,665","1,163,412","362,532"
Aug-18,"16,526,841","16,168,370","3,038,491","44,988","207,571","126,769","1,087,811","1,571,353","13,129,879","2,803,617","749,506","339,228","737,044","296,838","939,204","105,423","833,031","918,913","1,990,810","338,769","1,369,324","554,639","1,153,534","358,471"
Sep-18,"16,877,947","16,518,010","3,038,873","43,094","206,183","125,939","1,101,425","1,562,231","13,479,138","2,799,109","776,552","337,497","732,811","298,508","935,279","106,842","843,186","1,280,855","1,991,260","326,305","1,364,579","554,892","1,131,462","359,936"
Oct-18,"16,943,737","16,582,227","3,024,238","40,911","205,579","123,576","1,093,269","1,560,903","13,557,989","2,809,346","778,297","335,846","735,810","296,759","937,841","108,188","841,265","1,402,403","1,996,091","305,673","1,335,379","554,140","1,120,953","361,510"
Nov-18,"16,938,346","16,655,497","3,021,306","40,642","204,929","124,500","1,085,576","1,565,660","13,634,191","2,860,476","781,538","337,461","739,900","297,022","945,235","109,516","843,760","1,432,912","2,002,299","287,817","1,318,567","558,189","1,119,498","282,849"
Dec-18,"16,947,305","16,658,808","2,966,911","39,059","203,153","123,922","1,026,667","1,574,110","13,691,897","2,891,726","789,282","336,768","750,712","301,284","961,401","110,309","825,935","1,433,201","2,011,256","285,004","1,323,262","557,192","1,114,566","288,497"
Jan-19,"16,531,831","16,233,136","2,834,280","35,946","196,951","124,410","933,823","1,543,149","13,398,856","2,816,061","771,792","332,945","739,091","293,382","947,391","107,971","793,143","1,373,345","2,000,058","282,200","1,290,462","543,253","1,107,763","298,695"
Feb-19,"16,574,754","16,282,047","2,861,782","36,417","197,972","126,261","945,682","1,555,451","13,420,265","2,787,002","766,604","330,443","735,527","291,340","948,449","105,891","794,739","1,438,473","1,997,371","283,117","1,279,654","541,816","1,119,838","292,707"
Mar-19,"16,637,674","16,333,922","2,863,381","35,883","197,383","126,449","953,611","1,550,054","13,470,542","2,780,174","764,101","330,425","740,150","291,714","953,272","105,210","796,157","1,451,836","2,006,751","287,928","1,290,997","546,291","1,125,538","303,751"
Apr-19,"16,713,706","16,405,385","2,895,733","32,899","195,491","126,126","974,371","1,566,845","13,509,652","2,790,727","764,470","331,493","746,945","292,083","956,396","107,137","796,459","1,453,080","2,006,587","292,156","1,298,531","549,422","1,124,167","308,321"
May-19,"17,032,899","16,709,490","3,007,781","35,966","198,445","127,937","1,043,441","1,601,992","13,701,710","2,831,605","773,325","335,974","745,710","298,458","968,091","109,660","822,178","1,414,280","2,023,539","318,864","1,340,092","557,400","1,162,535","323,409"
Jun-19,"17,271,946","16,961,163","3,073,670","43,805","201,653","128,902","1,087,014","1,612,296","13,887,494","2,854,275","785,875","338,756","750,909","306,014","980,448","112,681","843,220","1,397,108","2,045,691","338,884","1,380,878","565,703","1,187,050","310,782"
Jul-19,"17,064,742","16,751,266","3,087,356","44,971","203,322","131,160","1,094,058","1,613,845","13,663,910","2,848,055","776,204","339,588","756,063","303,698","986,738","112,658","852,412","1,100,625","2,061,347","356,361","1,402,247","569,335","1,198,579","313,476"
